,age_bracket,Gender,County,Party,Count,voted_2024,voted_2020,voted_2016
0,18-24,Female,Allegany,DEM,589,372,139,0
1,18-24,Female,Allegany,OTH,73,31,6,0
2,18-24,Female,Allegany,REP,831,479,186,0
3,18-24,Female,Allegany,UNA,755,314,80,0
4,18-24,Female,Anne Arundel,DEM,10324,6538,2799,0
5,18-24,Female,Anne Arundel,OTH,612,240,69,0
6,18-24,Female,Anne Arundel,REP,4154,2491,1046,0
7,18-24,Female,Anne Arundel,UNA,8491,3801,1273,0
8,18-24,Female,Baltimore City,DEM,12515,7043,2655,2
9,18-24,Female,Baltimore City,OTH,548,177,39,0
10,18-24,Female,Baltimore City,REP,785,353,108,0
11,18-24,Female,Baltimore City,UNA,4092,1653,474,0
12,18-24,Female,Baltimore County,DEM,17719,11050,4607,0
13,18-24,Female,Baltimore County,OTH,856,301,112,0
14,18-24,Female,Baltimore County,REP,4245,2559,1002,1
15,18-24,Female,Baltimore County,UNA,9679,4273,1432,0
16,18-24,Female,Calvert,DEM,1485,937,423,0
17,18-24,Female,Calvert,OTH,112,27,19,0
18,18-24,Female,Calvert,REP,1140,725,253,0
19,18-24,Female,Calvert,UNA,1541,701,246,0
20,18-24,Female,Caroline,DEM,342,201,89,0
21,18-24,Female,Caroline,OTH,42,12,4,0
22,18-24,Female,Caroline,REP,491,297,99,0
23,18-24,Female,Caroline,UNA,488,184,74,0
24,18-24,Female,Carroll,DEM,2221,1452,683,0
25,18-24,Female,Carroll,OTH,127,57,25,0
26,18-24,Female,Carroll,REP,2428,1583,652,0
27,18-24,Female,Carroll,UNA,2633,1258,432,0
28,18-24,Female,Cecil,DEM,1120,640,246,0
29,18-24,Female,Cecil,OTH,114,41,11,0
30,18-24,Female,Cecil,REP,1543,961,350,0
31,18-24,Female,Cecil,UNA,1602,624,194,0
32,18-24,Female,Charles,DEM,4773,2924,1282,1
33,18-24,Female,Charles,OTH,130,55,15,0
34,18-24,Female,Charles,REP,770,472,192,0
35,18-24,Female,Charles,UNA,2180,1004,329,0
36,18-24,Female,Dorchester,DEM,413,212,91,0
37,18-24,Female,Dorchester,OTH,45,14,5,0
38,18-24,Female,Dorchester,REP,319,203,87,0
39,18-24,Female,Dorchester,UNA,407,150,45,0
40,18-24,Female,Frederick,DEM,5099,3197,1327,0
41,18-24,Female,Frederick,OTH,281,116,35,0
42,18-24,Female,Frederick,REP,2360,1453,569,0
43,18-24,Female,Frederick,UNA,4599,2079,730,1
44,18-24,Female,Garrett,DEM,149,94,35,0
45,18-24,Female,Garrett,OTH,30,15,5,0
46,18-24,Female,Garrett,REP,558,319,133,0
47,18-24,Female,Garrett,UNA,263,105,37,0
48,18-24,Female,Harford,DEM,3977,2477,1099,0
49,18-24,Female,Harford,OTH,275,93,35,0
50,18-24,Female,Harford,REP,2847,1749,666,0
51,18-24,Female,Harford,UNA,4044,1823,619,0
52,18-24,Female,Howard,DEM,8334,5423,2383,0
53,18-24,Female,Howard,OTH,274,111,39,0
54,18-24,Female,Howard,REP,1471,872,373,0
55,18-24,Female,Howard,UNA,5141,2417,892,0
56,18-24,Female,Kent,DEM,196,107,54,0
57,18-24,Female,Kent,OTH,18,5,0,0
58,18-24,Female,Kent,REP,169,101,45,0
59,18-24,Female,Kent,UNA,196,91,28,0
60,18-24,Female,Montgomery,DEM,25636,15916,7075,5
61,18-24,Female,Montgomery,OTH,826,322,108,0
62,18-24,Female,Montgomery,REP,2934,1691,712,0
63,18-24,Female,Montgomery,UNA,13275,5990,2109,0
64,18-24,Female,Prince George's,DEM,23399,14336,6244,1
65,18-24,Female,Prince George's,OTH,868,319,87,0
66,18-24,Female,Prince George's,REP,1091,564,173,1
67,18-24,Female,Prince George's,UNA,8680,3730,1202,0
68,18-24,Female,Queen Anne's,DEM,630,375,198,0
69,18-24,Female,Queen Anne's,OTH,47,24,8,0
70,18-24,Female,Queen Anne's,REP,785,484,209,0
71,18-24,Female,Queen Anne's,UNA,760,307,119,0
72,18-24,Female,Saint Mary's,DEM,1529,922,441,0
73,18-24,Female,Saint Mary's,OTH,111,44,15,0
74,18-24,Female,Saint Mary's,REP,1425,921,331,0
75,18-24,Female,Saint Mary's,UNA,1686,733,266,0
76,18-24,Female,Somerset,DEM,266,113,57,0
77,18-24,Female,Somerset,OTH,22,10,6,0
78,18-24,Female,Somerset,REP,210,126,37,0
79,18-24,Female,Somerset,UNA,216,97,27,0
80,18-24,Female,Talbot,DEM,523,292,128,0
81,18-24,Female,Talbot,OTH,45,10,3,0
82,18-24,Female,Talbot,REP,338,200,76,0
83,18-24,Female,Talbot,UNA,486,199,73,0
84,18-24,Female,Washington,DEM,1977,1109,469,0
85,18-24,Female,Washington,OTH,173,69,21,0
86,18-24,Female,Washington,REP,1655,1005,360,0
87,18-24,Female,Washington,UNA,2294,927,296,0
88,18-24,Female,Wicomico,DEM,1567,880,337,0
89,18-24,Female,Wicomico,OTH,138,46,12,0
90,18-24,Female,Wicomico,REP,1000,563,227,0
91,18-24,Female,Wicomico,UNA,1444,586,191,0
92,18-24,Female,Worcester,DEM,590,317,170,0
93,18-24,Female,Worcester,OTH,45,14,5,0
94,18-24,Female,Worcester,REP,648,375,153,0
95,18-24,Female,Worcester,UNA,689,296,105,0
96,18-24,Male,Allegany,DEM,351,177,82,0
97,18-24,Male,Allegany,OTH,65,14,9,0
98,18-24,Male,Allegany,REP,1226,639,232,0
99,18-24,Male,Allegany,UNA,757,242,75,0
100,18-24,Male,Anne Arundel,DEM,6921,3566,1657,1
101,18-24,Male,Anne Arundel,OTH,660,218,78,0
102,18-24,Male,Anne Arundel,REP,7082,3730,1548,1
103,18-24,Male,Anne Arundel,UNA,9674,3603,1284,1
104,18-24,Male,Baltimore City,DEM,9032,3693,1684,1
105,18-24,Male,Baltimore City,OTH,455,87,19,0
106,18-24,Male,Baltimore City,REP,1217,469,153,1
107,18-24,Male,Baltimore City,UNA,4279,1311,414,2
108,18-24,Male,Baltimore County,DEM,12557,6210,2968,1
109,18-24,Male,Baltimore County,OTH,784,219,98,0
110,18-24,Male,Baltimore County,REP,7195,3801,1528,0
111,18-24,Male,Baltimore County,UNA,10997,4069,1437,0
112,18-24,Male,Calvert,DEM,908,488,222,0
113,18-24,Male,Calvert,OTH,95,42,11,0
114,18-24,Male,Calvert,REP,1767,1017,389,1
115,18-24,Male,Calvert,UNA,1543,603,194,0
116,18-24,Male,Caroline,DEM,229,88,53,0
117,18-24,Male,Caroline,OTH,41,12,2,0
118,18-24,Male,Caroline,REP,641,353,140,0
119,18-24,Male,Caroline,UNA,486,158,49,0
120,18-24,Male,Carroll,DEM,1227,685,343,0
121,18-24,Male,Carroll,OTH,176,83,38,0
122,18-24,Male,Carroll,REP,3677,2184,932,0
123,18-24,Male,Carroll,UNA,2714,1090,442,0
124,18-24,Male,Cecil,DEM,675,277,123,0
125,18-24,Male,Cecil,OTH,105,38,11,0
126,18-24,Male,Cecil,REP,2150,1201,425,0
127,18-24,Male,Cecil,UNA,1592,512,167,0
128,18-24,Male,Charles,DEM,3895,1924,1042,2
129,18-24,Male,Charles,OTH,152,57,23,0
130,18-24,Male,Charles,REP,1180,634,257,0
131,18-24,Male,Charles,UNA,2626,959,357,1
132,18-24,Male,Dorchester,DEM,295,113,40,0
133,18-24,Male,Dorchester,OTH,20,3,2,0
134,18-24,Male,Dorchester,REP,447,247,95,0
135,18-24,Male,Dorchester,UNA,348,91,20,0
136,18-24,Male,Frederick,DEM,3371,1791,839,0
137,18-24,Male,Frederick,OTH,315,116,45,0
138,18-24,Male,Frederick,REP,4004,2233,892,1
139,18-24,Male,Frederick,UNA,5170,1941,736,0
140,18-24,Male,Garrett,DEM,79,44,31,0
141,18-24,Male,Garrett,OTH,14,5,4,0
142,18-24,Male,Garrett,REP,802,427,173,0
143,18-24,Male,Garrett,UNA,261,93,32,0
144,18-24,Male,Harford,DEM,2664,1307,617,0
145,18-24,Male,Harford,OTH,327,115,55,0
146,18-24,Male,Harford,REP,4444,2531,1092,0
147,18-24,Male,Harford,UNA,4397,1712,638,1
148,18-24,Male,Howard,DEM,6063,3333,1542,0
149,18-24,Male,Howard,OTH,326,135,47,0
150,18-24,Male,Howard,REP,2862,1614,732,0
151,18-24,Male,Howard,UNA,6507,2627,995,0
152,18-24,Male,Kent,DEM,121,55,32,0
153,18-24,Male,Kent,OTH,11,3,2,0
154,18-24,Male,Kent,REP,278,178,55,0
155,18-24,Male,Kent,UNA,209,74,25,0
156,18-24,Male,Montgomery,DEM,18836,9636,4603,1
157,18-24,Male,Montgomery,OTH,916,292,133,1
158,18-24,Male,Montgomery,REP,6052,3063,1314,0
159,18-24,Male,Montgomery,UNA,17267,6476,2552,1
160,18-24,Male,Prince George's,DEM,19310,9244,4790,6
161,18-24,Male,Prince George's,OTH,914,252,72,0
162,18-24,Male,Prince George's,REP,2351,1026,372,0
163,18-24,Male,Prince George's,UNA,10831,3527,1338,8
164,18-24,Male,Queen Anne's,DEM,349,181,94,0
165,18-24,Male,Queen Anne's,OTH,53,24,6,0
166,18-24,Male,Queen Anne's,REP,1174,658,278,0
167,18-24,Male,Queen Anne's,UNA,753,284,115,0
168,18-24,Male,Saint Mary's,DEM,1065,526,249,0
169,18-24,Male,Saint Mary's,OTH,123,47,11,0
170,18-24,Male,Saint Mary's,REP,1963,1145,433,0
171,18-24,Male,Saint Mary's,UNA,1696,633,217,0
172,18-24,Male,Somerset,DEM,160,52,27,0
173,18-24,Male,Somerset,OTH,24,3,1,0
174,18-24,Male,Somerset,REP,295,135,40,0
175,18-24,Male,Somerset,UNA,234,74,26,0
176,18-24,Male,Talbot,DEM,274,110,70,0
177,18-24,Male,Talbot,OTH,34,13,6,0
178,18-24,Male,Talbot,REP,550,286,135,0
179,18-24,Male,Talbot,UNA,530,178,70,0
180,18-24,Male,Washington,DEM,1283,579,257,0
181,18-24,Male,Washington,OTH,159,62,18,0
182,18-24,Male,Washington,REP,2476,1319,525,0
183,18-24,Male,Washington,UNA,2237,708,244,0
184,18-24,Male,Wicomico,DEM,1109,420,218,0
185,18-24,Male,Wicomico,OTH,122,28,4,0
186,18-24,Male,Wicomico,REP,1424,741,323,0
187,18-24,Male,Wicomico,UNA,1391,421,142,0
188,18-24,Male,Worcester,DEM,409,170,85,0
189,18-24,Male,Worcester,OTH,62,20,7,0
190,18-24,Male,Worcester,REP,1015,511,211,0
191,18-24,Male,Worcester,UNA,628,213,78,0
192,25-34,Female,Allegany,DEM,948,514,493,345
193,25-34,Female,Allegany,OTH,101,32,26,24
194,25-34,Female,Allegany,REP,1355,900,781,577
195,25-34,Female,Allegany,UNA,959,410,330,214
196,25-34,Female,Anne Arundel,DEM,17448,11672,10953,7213
197,25-34,Female,Anne Arundel,OTH,778,371,318,191
198,25-34,Female,Anne Arundel,REP,7753,5238,4586,3170
199,25-34,Female,Anne Arundel,UNA,10263,5392,4636,2721
200,25-34,Female,Baltimore City,DEM,34300,19977,16997,12577
201,25-34,Female,Baltimore City,OTH,1092,383,292,218
202,25-34,Female,Baltimore City,REP,2499,1214,970,688
203,25-34,Female,Baltimore City,UNA,8662,3729,2820,1832
204,25-34,Female,Baltimore County,DEM,30536,19430,18781,13509
205,25-34,Female,Baltimore County,OTH,1191,485,434,322
206,25-34,Female,Baltimore County,REP,7639,5012,4370,3201
207,25-34,Female,Baltimore County,UNA,11776,5738,5018,3353
208,25-34,Female,Calvert,DEM,2086,1346,1315,884
209,25-34,Female,Calvert,OTH,129,72,56,44
210,25-34,Female,Calvert,REP,1758,1247,1028,817
211,25-34,Female,Calvert,UNA,1464,750,604,399
212,25-34,Female,Caroline,DEM,511,260,258,181
213,25-34,Female,Caroline,OTH,50,19,18,13
214,25-34,Female,Caroline,REP,735,523,466,356
215,25-34,Female,Caroline,UNA,545,256,210,136
216,25-34,Female,Carroll,DEM,2871,1924,2026,1318
217,25-34,Female,Carroll,OTH,204,116,113,70
218,25-34,Female,Carroll,REP,3731,2682,2552,1863
219,25-34,Female,Carroll,UNA,2915,1566,1486,949
220,25-34,Female,Cecil,DEM,1797,1050,861,531
221,25-34,Female,Cecil,OTH,162,72,44,33
222,25-34,Female,Cecil,REP,2308,1635,1285,892
223,25-34,Female,Cecil,UNA,1882,840,589,375
224,25-34,Female,Charles,DEM,7032,4557,4552,3241
225,25-34,Female,Charles,OTH,210,88,90,57
226,25-34,Female,Charles,REP,1325,834,734,515
227,25-34,Female,Charles,UNA,2544,1279,1134,726
228,25-34,Female,Dorchester,DEM,796,404,382,309
229,25-34,Female,Dorchester,OTH,56,24,18,15
230,25-34,Female,Dorchester,REP,571,442,370,268
231,25-34,Female,Dorchester,UNA,452,209,177,117
232,25-34,Female,Frederick,DEM,8254,5535,5318,3599
233,25-34,Female,Frederick,OTH,334,159,141,87
234,25-34,Female,Frederick,REP,4196,2826,2569,1821
235,25-34,Female,Frederick,UNA,4971,2672,2368,1432
236,25-34,Female,Garrett,DEM,245,151,141,88
237,25-34,Female,Garrett,OTH,30,10,10,5
238,25-34,Female,Garrett,REP,917,632,590,406
239,25-34,Female,Garrett,UNA,320,143,118,56
240,25-34,Female,Harford,DEM,6239,4124,4025,2652
241,25-34,Female,Harford,OTH,401,202,177,125
242,25-34,Female,Harford,REP,4654,3372,3028,2218
243,25-34,Female,Harford,UNA,4509,2375,2102,1321
244,25-34,Female,Howard,DEM,11943,8188,8119,5385
245,25-34,Female,Howard,OTH,365,173,157,105
246,25-34,Female,Howard,REP,2373,1482,1419,912
247,25-34,Female,Howard,UNA,4703,2574,2394,1409
248,25-34,Female,Kent,DEM,320,192,188,136
249,25-34,Female,Kent,OTH,18,8,5,3
250,25-34,Female,Kent,REP,317,236,208,134
251,25-34,Female,Kent,UNA,248,133,98,67
252,25-34,Female,Montgomery,DEM,38186,25393,23792,14806
253,25-34,Female,Montgomery,OTH,993,456,432,278
254,25-34,Female,Montgomery,REP,4944,3016,2628,1661
255,25-34,Female,Montgomery,UNA,13014,7049,6137,3309
256,25-34,Female,Prince George's,DEM,44544,26185,26213,18940
257,25-34,Female,Prince George's,OTH,1230,462,409,261
258,25-34,Female,Prince George's,REP,2520,1235,1019,694
259,25-34,Female,Prince George's,UNA,11532,5068,4405,2833
260,25-34,Female,Queen Anne's,DEM,820,520,522,368
261,25-34,Female,Queen Anne's,OTH,57,28,26,18
262,25-34,Female,Queen Anne's,REP,1166,880,807,575
263,25-34,Female,Queen Anne's,UNA,848,470,406,255
264,25-34,Female,Saint Mary's,DEM,2652,1579,1555,1049
265,25-34,Female,Saint Mary's,OTH,174,84,76,51
266,25-34,Female,Saint Mary's,REP,2269,1599,1372,974
267,25-34,Female,Saint Mary's,UNA,2087,1049,826,506
268,25-34,Female,Somerset,DEM,454,221,222,172
269,25-34,Female,Somerset,OTH,28,11,7,6
270,25-34,Female,Somerset,REP,341,244,229,168
271,25-34,Female,Somerset,UNA,271,92,80,56
272,25-34,Female,Talbot,DEM,757,449,479,314
273,25-34,Female,Talbot,OTH,43,14,15,7
274,25-34,Female,Talbot,REP,572,385,357,255
275,25-34,Female,Talbot,UNA,491,228,219,128
276,25-34,Female,Washington,DEM,3069,1735,1596,1045
277,25-34,Female,Washington,OTH,243,85,80,62
278,25-34,Female,Washington,REP,2684,1730,1457,1134
279,25-34,Female,Washington,UNA,2692,1120,897,616
280,25-34,Female,Wicomico,DEM,2632,1395,1360,933
281,25-34,Female,Wicomico,OTH,143,56,49,35
282,25-34,Female,Wicomico,REP,1522,994,883,616
283,25-34,Female,Wicomico,UNA,1797,727,663,388
284,25-34,Female,Worcester,DEM,975,553,577,348
285,25-34,Female,Worcester,OTH,67,32,28,21
286,25-34,Female,Worcester,REP,1005,661,613,428
287,25-34,Female,Worcester,UNA,840,390,355,203
288,25-34,Male,Allegany,DEM,694,344,327,220
289,25-34,Male,Allegany,OTH,124,54,38,31
290,25-34,Male,Allegany,REP,1652,963,813,622
291,25-34,Male,Allegany,UNA,1096,391,340,216
292,25-34,Male,Anne Arundel,DEM,12432,6977,6952,4329
293,25-34,Male,Anne Arundel,OTH,997,431,386,242
294,25-34,Male,Anne Arundel,REP,10269,6553,5665,3877
295,25-34,Male,Anne Arundel,UNA,11686,5382,4464,2603
296,25-34,Male,Baltimore City,DEM,24483,10929,10116,7110
297,25-34,Male,Baltimore City,OTH,1038,298,260,176
298,25-34,Male,Baltimore City,REP,3684,1743,1377,843
299,25-34,Male,Baltimore City,UNA,9782,3638,2888,1757
300,25-34,Male,Baltimore County,DEM,21162,10698,11190,7605
301,25-34,Male,Baltimore County,OTH,1358,514,478,348
302,25-34,Male,Baltimore County,REP,10389,6293,5437,3873
303,25-34,Male,Baltimore County,UNA,13353,5619,4999,3217
304,25-34,Male,Calvert,DEM,1387,733,731,516
305,25-34,Male,Calvert,OTH,150,73,58,43
306,25-34,Male,Calvert,REP,2216,1468,1200,925
307,25-34,Male,Calvert,UNA,1633,759,624,436
308,25-34,Male,Caroline,DEM,347,154,177,108
309,25-34,Male,Caroline,OTH,51,29,28,18
310,25-34,Male,Caroline,REP,851,581,497,351
311,25-34,Male,Caroline,UNA,474,207,173,113
312,25-34,Male,Carroll,DEM,1950,1152,1222,802
313,25-34,Male,Carroll,OTH,316,143,144,111
314,25-34,Male,Carroll,REP,4811,3119,3069,2187
315,25-34,Male,Carroll,UNA,2962,1423,1295,874
316,25-34,Male,Cecil,DEM,1218,567,509,322
317,25-34,Male,Cecil,OTH,206,96,81,50
318,25-34,Male,Cecil,REP,2722,1837,1407,948
319,25-34,Male,Cecil,UNA,1871,749,517,362
320,25-34,Male,Charles,DEM,5511,2560,2930,2023
321,25-34,Male,Charles,OTH,249,92,84,66
322,25-34,Male,Charles,REP,1731,1020,880,594
323,25-34,Male,Charles,UNA,2886,1180,1107,718
324,25-34,Male,Dorchester,DEM,502,200,189,135
325,25-34,Male,Dorchester,OTH,49,21,18,11
326,25-34,Male,Dorchester,REP,700,472,409,297
327,25-34,Male,Dorchester,UNA,468,172,124,82
328,25-34,Male,Frederick,DEM,5640,3314,3258,2070
329,25-34,Male,Frederick,OTH,462,219,205,147
330,25-34,Male,Frederick,REP,5505,3424,3117,2179
331,25-34,Male,Frederick,UNA,5633,2662,2385,1458
332,25-34,Male,Garrett,DEM,149,85,72,55
333,25-34,Male,Garrett,OTH,32,10,9,7
334,25-34,Male,Garrett,REP,1020,641,606,412
335,25-34,Male,Garrett,UNA,326,135,115,75
336,25-34,Male,Harford,DEM,4287,2345,2440,1556
337,25-34,Male,Harford,OTH,542,256,211,160
338,25-34,Male,Harford,REP,5933,4004,3600,2570
339,25-34,Male,Harford,UNA,4901,2341,2051,1249
340,25-34,Male,Howard,DEM,8986,5374,5566,3487
341,25-34,Male,Howard,OTH,444,189,177,131
342,25-34,Male,Howard,REP,3618,2182,2005,1312
343,25-34,Male,Howard,UNA,6262,3100,2851,1645
344,25-34,Male,Kent,DEM,246,114,107,60
345,25-34,Male,Kent,OTH,29,13,15,10
346,25-34,Male,Kent,REP,390,272,237,161
347,25-34,Male,Kent,UNA,285,135,111,51
348,25-34,Male,Montgomery,DEM,28762,16620,16624,10104
349,25-34,Male,Montgomery,OTH,1187,482,477,289
350,25-34,Male,Montgomery,REP,7512,4277,3780,2304
351,25-34,Male,Montgomery,UNA,16978,7941,7243,3918
352,25-34,Male,Prince George's,DEM,35559,15717,17583,12264
353,25-34,Male,Prince George's,OTH,1346,364,375,263
354,25-34,Male,Prince George's,REP,4084,1773,1446,975
355,25-34,Male,Prince George's,UNA,14713,5170,5013,3159
356,25-34,Male,Queen Anne's,DEM,528,290,293,178
357,25-34,Male,Queen Anne's,OTH,86,46,45,28
358,25-34,Male,Queen Anne's,REP,1436,991,902,603
359,25-34,Male,Queen Anne's,UNA,779,370,338,189
360,25-34,Male,Saint Mary's,DEM,1927,1010,1008,598
361,25-34,Male,Saint Mary's,OTH,227,112,96,50
362,25-34,Male,Saint Mary's,REP,2893,1898,1562,1056
363,25-34,Male,Saint Mary's,UNA,2337,1101,841,500
364,25-34,Male,Somerset,DEM,311,117,130,90
365,25-34,Male,Somerset,OTH,26,7,4,6
366,25-34,Male,Somerset,REP,400,252,234,167
367,25-34,Male,Somerset,UNA,245,88,74,52
368,25-34,Male,Talbot,DEM,530,251,289,166
369,25-34,Male,Talbot,OTH,57,24,21,20
370,25-34,Male,Talbot,REP,727,447,425,279
371,25-34,Male,Talbot,UNA,552,215,212,126
372,25-34,Male,Washington,DEM,2063,933,903,602
373,25-34,Male,Washington,OTH,274,119,83,77
374,25-34,Male,Washington,REP,3284,1938,1602,1255
375,25-34,Male,Washington,UNA,2740,1006,753,594
376,25-34,Male,Wicomico,DEM,1761,700,755,486
377,25-34,Male,Wicomico,OTH,210,77,74,52
378,25-34,Male,Wicomico,REP,1809,1086,937,672
379,25-34,Male,Wicomico,UNA,1836,676,593,306
380,25-34,Male,Worcester,DEM,646,291,314,204
381,25-34,Male,Worcester,OTH,89,33,28,19
382,25-34,Male,Worcester,REP,1238,738,688,460
383,25-34,Male,Worcester,UNA,857,311,320,181
384,35-50,Female,Allegany,DEM,1471,941,867,789
385,35-50,Female,Allegany,OTH,135,52,48,39
386,35-50,Female,Allegany,REP,2461,1761,1632,1471
387,35-50,Female,Allegany,UNA,1410,716,582,500
388,35-50,Female,Anne Arundel,DEM,29467,22941,21691,18217
389,35-50,Female,Anne Arundel,OTH,1121,632,548,441
390,35-50,Female,Anne Arundel,REP,14686,11269,10439,8989
391,35-50,Female,Anne Arundel,UNA,16640,10736,9572,7392
392,35-50,Female,Baltimore City,DEM,47276,29534,28825,28216
393,35-50,Female,Baltimore City,OTH,1278,437,410,374
394,35-50,Female,Baltimore City,REP,3485,1503,1430,1325
395,35-50,Female,Baltimore City,UNA,10079,4369,4033,3548
396,35-50,Female,Baltimore County,DEM,48237,35414,34567,31877
397,35-50,Female,Baltimore County,OTH,1734,867,762,696
398,35-50,Female,Baltimore County,REP,14614,10966,10033,9028
399,35-50,Female,Baltimore County,UNA,18084,10683,9725,8329
400,35-50,Female,Calvert,DEM,3393,2668,2374,2207
401,35-50,Female,Calvert,OTH,175,116,88,74
402,35-50,Female,Calvert,REP,3431,2802,2324,2182
403,35-50,Female,Calvert,UNA,2732,1866,1418,1203
404,35-50,Female,Caroline,DEM,805,530,535,500
405,35-50,Female,Caroline,OTH,57,30,26,30
406,35-50,Female,Caroline,REP,1343,1066,997,900
407,35-50,Female,Caroline,UNA,819,468,431,353
408,35-50,Female,Carroll,DEM,5177,4203,4034,3545
409,35-50,Female,Carroll,OTH,307,200,181,161
410,35-50,Female,Carroll,REP,7082,5880,5630,5051
411,35-50,Female,Carroll,UNA,4788,3276,3014,2518
412,35-50,Female,Cecil,DEM,2627,1705,1433,1190
413,35-50,Female,Cecil,OTH,202,85,65,66
414,35-50,Female,Cecil,REP,4386,3503,2985,2703
415,35-50,Female,Cecil,UNA,2616,1440,1082,876
416,35-50,Female,Charles,DEM,12795,10076,9602,8352
417,35-50,Female,Charles,OTH,317,173,160,118
418,35-50,Female,Charles,REP,2531,1872,1700,1449
419,35-50,Female,Charles,UNA,4049,2530,2219,1826
420,35-50,Female,Dorchester,DEM,1287,813,806,772
421,35-50,Female,Dorchester,OTH,59,20,25,20
422,35-50,Female,Dorchester,REP,917,726,673,609
423,35-50,Female,Dorchester,UNA,621,318,283,249
424,35-50,Female,Frederick,DEM,13850,11007,10190,8544
425,35-50,Female,Frederick,OTH,488,283,236,197
426,35-50,Female,Frederick,REP,7920,6264,5822,5078
427,35-50,Female,Frederick,UNA,8693,5860,5014,3985
428,35-50,Female,Garrett,DEM,385,257,221,208
429,35-50,Female,Garrett,OTH,38,21,16,11
430,35-50,Female,Garrett,REP,1452,1111,1095,921
431,35-50,Female,Garrett,UNA,462,240,205,158
432,35-50,Female,Harford,DEM,10434,8031,7779,6802
433,35-50,Female,Harford,OTH,564,315,290,241
434,35-50,Female,Harford,REP,9285,7669,7235,6512
435,35-50,Female,Harford,UNA,7088,4658,4258,3483
436,35-50,Female,Howard,DEM,21103,17045,16056,13573
437,35-50,Female,Howard,OTH,565,307,275,219
438,35-50,Female,Howard,REP,5082,3926,3565,2928
439,35-50,Female,Howard,UNA,9359,6597,5825,4275
440,35-50,Female,Kent,DEM,568,404,386,331
441,35-50,Female,Kent,OTH,28,15,12,8
442,35-50,Female,Kent,REP,446,357,321,285
443,35-50,Female,Kent,UNA,339,211,176,145
444,35-50,Female,Montgomery,DEM,62815,49606,44509,34805
445,35-50,Female,Montgomery,OTH,1507,794,706,512
446,35-50,Female,Montgomery,REP,10264,7307,6353,4783
447,35-50,Female,Montgomery,UNA,23722,15644,13200,9280
448,35-50,Female,Prince George's,DEM,69800,46772,45956,39764
449,35-50,Female,Prince George's,OTH,2272,709,647,534
450,35-50,Female,Prince George's,REP,4695,2495,2178,1730
451,35-50,Female,Prince George's,UNA,15858,8324,7758,6105
452,35-50,Female,Queen Anne's,DEM,1391,1044,1005,896
453,35-50,Female,Queen Anne's,OTH,75,48,41,32
454,35-50,Female,Queen Anne's,REP,2173,1785,1686,1481
455,35-50,Female,Queen Anne's,UNA,1225,832,760,603
456,35-50,Female,Saint Mary's,DEM,3889,2849,2710,2315
457,35-50,Female,Saint Mary's,OTH,221,120,102,87
458,35-50,Female,Saint Mary's,REP,4166,3351,3011,2619
459,35-50,Female,Saint Mary's,UNA,3008,1932,1603,1276
460,35-50,Female,Somerset,DEM,710,393,417,388
461,35-50,Female,Somerset,OTH,38,24,19,17
462,35-50,Female,Somerset,REP,597,456,439,390
463,35-50,Female,Somerset,UNA,357,178,170,126
464,35-50,Female,Talbot,DEM,1211,884,827,721
465,35-50,Female,Talbot,OTH,49,28,27,20
466,35-50,Female,Talbot,REP,1033,829,782,674
467,35-50,Female,Talbot,UNA,752,454,415,325
468,35-50,Female,Washington,DEM,4589,3098,2836,2497
469,35-50,Female,Washington,OTH,341,160,145,140
470,35-50,Female,Washington,REP,4959,3734,3269,3021
471,35-50,Female,Washington,UNA,3956,2185,1800,1620
472,35-50,Female,Wicomico,DEM,3716,2394,2345,2107
473,35-50,Female,Wicomico,OTH,216,92,93,71
474,35-50,Female,Wicomico,REP,2600,2025,1866,1647
475,35-50,Female,Wicomico,UNA,2282,1258,1107,939
476,35-50,Female,Worcester,DEM,1591,1137,1104,913
477,35-50,Female,Worcester,OTH,104,52,45,36
478,35-50,Female,Worcester,REP,1783,1402,1300,1114
479,35-50,Female,Worcester,UNA,1229,692,643,518
480,35-50,Male,Allegany,DEM,1140,662,596,523
481,35-50,Male,Allegany,OTH,177,68,66,52
482,35-50,Male,Allegany,REP,2729,1864,1667,1491
483,35-50,Male,Allegany,UNA,1503,727,568,506
484,35-50,Male,Anne Arundel,DEM,19200,13047,12598,9816
485,35-50,Male,Anne Arundel,OTH,1535,808,746,575
486,35-50,Male,Anne Arundel,REP,17090,12713,11513,9421
487,35-50,Male,Anne Arundel,UNA,18358,11244,10039,7202
488,35-50,Male,Baltimore City,DEM,35834,17845,17922,15735
489,35-50,Male,Baltimore City,OTH,1627,471,457,387
490,35-50,Male,Baltimore City,REP,4908,2053,1897,1575
491,35-50,Male,Baltimore City,UNA,12775,4822,4535,3556
492,35-50,Male,Baltimore County,DEM,31237,19707,19383,16656
493,35-50,Male,Baltimore County,OTH,2024,949,877,725
494,35-50,Male,Baltimore County,REP,17089,12204,11034,9726
495,35-50,Male,Baltimore County,UNA,20056,11097,10199,8180
496,35-50,Male,Calvert,DEM,2192,1434,1307,1098
497,35-50,Male,Calvert,OTH,259,155,123,108
498,35-50,Male,Calvert,REP,3787,2958,2429,2252
499,35-50,Male,Calvert,UNA,2746,1757,1297,1128
500,35-50,Male,Caroline,DEM,539,283,284,227
501,35-50,Male,Caroline,OTH,80,34,32,26
502,35-50,Male,Caroline,REP,1383,1074,984,847
503,35-50,Male,Caroline,UNA,741,410,367,274
504,35-50,Male,Carroll,DEM,3249,2421,2340,2009
505,35-50,Male,Carroll,OTH,480,313,298,248
506,35-50,Male,Carroll,REP,8069,6471,6019,5312
507,35-50,Male,Carroll,UNA,5042,3313,3048,2473
508,35-50,Male,Cecil,DEM,1780,973,859,667
509,35-50,Male,Cecil,OTH,290,138,108,93
510,35-50,Male,Cecil,REP,4478,3406,2826,2488
511,35-50,Male,Cecil,UNA,2518,1289,1056,801
512,35-50,Male,Charles,DEM,8074,5211,5180,4084
513,35-50,Male,Charles,OTH,369,170,153,110
514,35-50,Male,Charles,REP,2942,2062,1835,1466
515,35-50,Male,Charles,UNA,4503,2478,2157,1583
516,35-50,Male,Dorchester,DEM,805,377,361,309
517,35-50,Male,Dorchester,OTH,76,33,36,15
518,35-50,Male,Dorchester,REP,1030,764,707,597
519,35-50,Male,Dorchester,UNA,578,273,244,169
520,35-50,Male,Frederick,DEM,9151,6751,6180,4857
521,35-50,Male,Frederick,OTH,690,408,357,297
522,35-50,Male,Frederick,REP,9310,7176,6475,5496
523,35-50,Male,Frederick,UNA,9347,6054,5239,3888
524,35-50,Male,Garrett,DEM,283,174,157,127
525,35-50,Male,Garrett,OTH,65,34,30,21
526,35-50,Male,Garrett,REP,1577,1155,1072,899
527,35-50,Male,Garrett,UNA,486,244,225,173
528,35-50,Male,Harford,DEM,6550,4492,4427,3600
529,35-50,Male,Harford,OTH,728,439,388,322
530,35-50,Male,Harford,REP,10329,8219,7690,6787
531,35-50,Male,Harford,UNA,7528,4755,4273,3355
532,35-50,Male,Howard,DEM,13616,10358,9830,7866
533,35-50,Male,Howard,OTH,674,354,312,273
534,35-50,Male,Howard,REP,5903,4427,4063,3341
535,35-50,Male,Howard,UNA,10660,7228,6455,4610
536,35-50,Male,Kent,DEM,413,247,247,191
537,35-50,Male,Kent,OTH,36,23,18,12
538,35-50,Male,Kent,REP,571,434,400,360
539,35-50,Male,Kent,UNA,337,188,163,123
540,35-50,Male,Montgomery,DEM,43685,32007,28743,21543
541,35-50,Male,Montgomery,OTH,1745,896,800,612
542,35-50,Male,Montgomery,REP,12379,8658,7389,5548
543,35-50,Male,Montgomery,UNA,27632,17403,14872,10178
544,35-50,Male,Prince George's,DEM,50614,26598,27385,21938
545,35-50,Male,Prince George's,OTH,2576,666,622,479
546,35-50,Male,Prince George's,REP,6360,3156,2701,2032
547,35-50,Male,Prince George's,UNA,19518,8683,8218,6004
548,35-50,Male,Queen Anne's,DEM,815,540,521,413
549,35-50,Male,Queen Anne's,OTH,120,79,65,59
550,35-50,Male,Queen Anne's,REP,2411,1964,1793,1513
551,35-50,Male,Queen Anne's,UNA,1246,827,717,587
552,35-50,Male,Saint Mary's,DEM,2481,1581,1498,1201
553,35-50,Male,Saint Mary's,OTH,294,160,138,105
554,35-50,Male,Saint Mary's,REP,4568,3550,3114,2643
555,35-50,Male,Saint Mary's,UNA,3159,1953,1657,1257
556,35-50,Male,Somerset,DEM,453,189,231,170
557,35-50,Male,Somerset,OTH,45,20,17,16
558,35-50,Male,Somerset,REP,669,452,451,376
559,35-50,Male,Somerset,UNA,338,146,127,83
560,35-50,Male,Talbot,DEM,784,488,469,355
561,35-50,Male,Talbot,OTH,90,48,45,36
562,35-50,Male,Talbot,REP,1158,915,845,722
563,35-50,Male,Talbot,UNA,756,441,387,290
564,35-50,Male,Washington,DEM,3231,1906,1744,1457
565,35-50,Male,Washington,OTH,356,177,156,131
566,35-50,Male,Washington,REP,5545,3950,3407,3146
567,35-50,Male,Washington,UNA,3926,2029,1681,1428
568,35-50,Male,Wicomico,DEM,2415,1263,1243,1002
569,35-50,Male,Wicomico,OTH,245,103,83,79
570,35-50,Male,Wicomico,REP,2925,2135,1940,1657
571,35-50,Male,Wicomico,UNA,2244,1139,999,772
572,35-50,Male,Worcester,DEM,1060,598,580,484
573,35-50,Male,Worcester,OTH,118,53,45,45
574,35-50,Male,Worcester,REP,1954,1437,1357,1155
575,35-50,Male,Worcester,UNA,1331,718,650,473
576,51-64,Female,Allegany,DEM,1340,956,889,818
577,51-64,Female,Allegany,OTH,69,37,27,31
578,51-64,Female,Allegany,REP,3150,2586,2396,2250
579,51-64,Female,Allegany,UNA,890,543,482,419
580,51-64,Female,Anne Arundel,DEM,23398,19383,19142,17403
581,51-64,Female,Anne Arundel,OTH,570,368,356,317
582,51-64,Female,Anne Arundel,REP,18306,15310,15265,13862
583,51-64,Female,Anne Arundel,UNA,10166,7439,7194,6124
584,51-64,Female,Baltimore City,DEM,35977,24176,24669,23952
585,51-64,Female,Baltimore City,OTH,469,185,181,175
586,51-64,Female,Baltimore City,REP,2898,1520,1533,1424
587,51-64,Female,Baltimore City,UNA,4295,2039,1990,1814
588,51-64,Female,Baltimore County,DEM,40068,32514,32517,30599
589,51-64,Female,Baltimore County,OTH,857,541,530,459
590,51-64,Female,Baltimore County,REP,18522,15318,15024,13977
591,51-64,Female,Baltimore County,UNA,10852,7341,7183,6197
592,51-64,Female,Calvert,DEM,3406,2913,2764,2655
593,51-64,Female,Calvert,OTH,103,72,58,57
594,51-64,Female,Calvert,REP,4253,3731,3398,3399
595,51-64,Female,Calvert,UNA,1713,1303,1150,1060
596,51-64,Female,Caroline,DEM,790,617,619,579
597,51-64,Female,Caroline,OTH,33,19,20,17
598,51-64,Female,Caroline,REP,1506,1284,1281,1122
599,51-64,Female,Caroline,UNA,471,303,288,236
600,51-64,Female,Carroll,DEM,4340,3764,3695,3444
601,51-64,Female,Carroll,OTH,183,130,120,112
602,51-64,Female,Carroll,REP,9189,8047,8019,7463
603,51-64,Female,Carroll,UNA,3051,2330,2277,2001
604,51-64,Female,Cecil,DEM,2686,1979,1749,1596
605,51-64,Female,Cecil,OTH,126,84,67,60
606,51-64,Female,Cecil,REP,5003,4260,3852,3589
607,51-64,Female,Cecil,UNA,1793,1198,989,855
608,51-64,Female,Charles,DEM,12379,10504,10418,9690
609,51-64,Female,Charles,OTH,160,102,91,83
610,51-64,Female,Charles,REP,3626,2996,2972,2680
611,51-64,Female,Charles,UNA,2493,1740,1702,1467
612,51-64,Female,Dorchester,DEM,1300,982,950,885
613,51-64,Female,Dorchester,OTH,35,20,16,12
614,51-64,Female,Dorchester,REP,1276,1100,1034,962
615,51-64,Female,Dorchester,UNA,441,299,276,223
616,51-64,Female,Frederick,DEM,10175,8546,8413,7714
617,51-64,Female,Frederick,OTH,219,148,125,113
618,51-64,Female,Frederick,REP,9756,8264,8220,7680
619,51-64,Female,Frederick,UNA,5243,3875,3747,3247
620,51-64,Female,Garrett,DEM,448,352,316,273
621,51-64,Female,Garrett,OTH,37,21,22,22
622,51-64,Female,Garrett,REP,1859,1571,1486,1343
623,51-64,Female,Garrett,UNA,311,203,165,145
624,51-64,Female,Harford,DEM,8536,7090,7105,6536
625,51-64,Female,Harford,OTH,256,168,169,144
626,51-64,Female,Harford,REP,11723,10267,10154,9523
627,51-64,Female,Harford,UNA,4226,3135,3074,2710
628,51-64,Female,Howard,DEM,16101,13882,13817,12763
629,51-64,Female,Howard,OTH,356,247,224,205
630,51-64,Female,Howard,REP,7047,5934,5972,5572
631,51-64,Female,Howard,UNA,6288,4775,4837,4087
632,51-64,Female,Kent,DEM,740,598,555,485
633,51-64,Female,Kent,OTH,26,19,17,13
634,51-64,Female,Kent,REP,702,608,551,499
635,51-64,Female,Kent,UNA,301,223,204,161
636,51-64,Female,Montgomery,DEM,54644,45564,45213,40839
637,51-64,Female,Montgomery,OTH,1027,661,638,517
638,51-64,Female,Montgomery,REP,13650,10775,10624,9379
639,51-64,Female,Montgomery,UNA,18496,13118,12842,10734
640,51-64,Female,Prince George's,DEM,69676,52625,53279,49150
641,51-64,Female,Prince George's,OTH,1764,536,537,479
642,51-64,Female,Prince George's,REP,5031,3174,3200,2772
643,51-64,Female,Prince George's,UNA,8408,5073,4973,4250
644,51-64,Female,Queen Anne's,DEM,1578,1325,1252,1147
645,51-64,Female,Queen Anne's,OTH,47,33,33,25
646,51-64,Female,Queen Anne's,REP,2993,2631,2560,2356
647,51-64,Female,Queen Anne's,UNA,981,747,701,606
648,51-64,Female,Saint Mary's,DEM,3426,2722,2665,2459
649,51-64,Female,Saint Mary's,OTH,116,80,68,55
650,51-64,Female,Saint Mary's,REP,4790,4127,3957,3624
651,51-64,Female,Saint Mary's,UNA,1724,1264,1185,1028
652,51-64,Female,Somerset,DEM,750,566,562,495
653,51-64,Female,Somerset,OTH,19,12,11,9
654,51-64,Female,Somerset,REP,856,721,675,631
655,51-64,Female,Somerset,UNA,239,140,129,114
656,51-64,Female,Talbot,DEM,1362,1137,1094,958
657,51-64,Female,Talbot,OTH,38,27,26,23
658,51-64,Female,Talbot,REP,1580,1336,1307,1207
659,51-64,Female,Talbot,UNA,642,475,442,380
660,51-64,Female,Washington,DEM,4105,3124,2972,2779
661,51-64,Female,Washington,OTH,147,90,73,64
662,51-64,Female,Washington,REP,6498,5442,5067,4830
663,51-64,Female,Washington,UNA,2421,1615,1421,1298
664,51-64,Female,Wicomico,DEM,3449,2579,2556,2326
665,51-64,Female,Wicomico,OTH,124,71,68,63
666,51-64,Female,Wicomico,REP,3232,2717,2653,2421
667,51-64,Female,Wicomico,UNA,1406,944,880,769
668,51-64,Female,Worcester,DEM,1829,1429,1370,1221
669,51-64,Female,Worcester,OTH,84,60,55,46
670,51-64,Female,Worcester,REP,2792,2349,2279,2050
671,51-64,Female,Worcester,UNA,987,682,628,519
672,51-64,Male,Allegany,DEM,1004,679,637,582
673,51-64,Male,Allegany,OTH,77,45,42,36
674,51-64,Male,Allegany,REP,3177,2516,2325,2184
675,51-64,Male,Allegany,UNA,848,512,437,413
676,51-64,Male,Anne Arundel,DEM,15450,11825,11697,10257
677,51-64,Male,Anne Arundel,OTH,724,482,437,375
678,51-64,Male,Anne Arundel,REP,19572,15898,15733,14030
679,51-64,Male,Anne Arundel,UNA,11362,8186,7962,6559
680,51-64,Male,Baltimore City,DEM,28191,15469,15866,14538
681,51-64,Male,Baltimore City,OTH,719,273,263,243
682,51-64,Male,Baltimore City,REP,3997,1937,1915,1700
683,51-64,Male,Baltimore City,UNA,5813,2516,2471,2114
684,51-64,Male,Baltimore County,DEM,26825,19733,19848,17889
685,51-64,Male,Baltimore County,OTH,1054,618,580,530
686,51-64,Male,Baltimore County,REP,19623,15590,15105,14075
687,51-64,Male,Baltimore County,UNA,12241,8284,7980,6894
688,51-64,Male,Calvert,DEM,2269,1818,1703,1549
689,51-64,Male,Calvert,OTH,138,98,79,71
690,51-64,Male,Calvert,REP,4411,3812,3376,3321
691,51-64,Male,Calvert,UNA,1757,1341,1179,1080
692,51-64,Male,Caroline,DEM,573,405,385,341
693,51-64,Male,Caroline,OTH,42,24,17,17
694,51-64,Male,Caroline,REP,1562,1310,1242,1121
695,51-64,Male,Caroline,UNA,455,301,300,239
696,51-64,Male,Carroll,DEM,2669,2189,2158,1962
697,51-64,Male,Carroll,OTH,258,173,172,167
698,51-64,Male,Carroll,REP,9635,8288,8209,7586
699,51-64,Male,Carroll,UNA,3276,2509,2447,2152
700,51-64,Male,Cecil,DEM,1914,1274,1148,1023
701,51-64,Male,Cecil,OTH,165,101,90,87
702,51-64,Male,Cecil,REP,5142,4215,3737,3433
703,51-64,Male,Cecil,UNA,1819,1137,995,851
704,51-64,Male,Charles,DEM,8761,6830,6865,5992
705,51-64,Male,Charles,OTH,188,113,111,95
706,51-64,Male,Charles,REP,3778,3010,2975,2643
707,51-64,Male,Charles,UNA,2795,1895,1837,1544
708,51-64,Male,Dorchester,DEM,937,600,579,499
709,51-64,Male,Dorchester,OTH,46,25,22,25
710,51-64,Male,Dorchester,REP,1298,1070,1016,935
711,51-64,Male,Dorchester,UNA,427,253,234,193
712,51-64,Male,Frederick,DEM,6817,5441,5287,4723
713,51-64,Male,Frederick,OTH,344,217,207,176
714,51-64,Male,Frederick,REP,10574,8736,8646,7973
715,51-64,Male,Frederick,UNA,6076,4545,4393,3747
716,51-64,Male,Garrett,DEM,281,204,189,153
717,51-64,Male,Garrett,OTH,36,21,20,14
718,51-64,Male,Garrett,REP,1832,1502,1440,1269
719,51-64,Male,Garrett,UNA,296,198,188,148
720,51-64,Male,Harford,DEM,5804,4467,4516,4011
721,51-64,Male,Harford,OTH,379,241,244,200
722,51-64,Male,Harford,REP,11849,10245,10074,9316
723,51-64,Male,Harford,UNA,4583,3371,3306,2847
724,51-64,Male,Howard,DEM,11017,9100,9064,8164
725,51-64,Male,Howard,OTH,408,267,266,223
726,51-64,Male,Howard,REP,7941,6630,6622,6028
727,51-64,Male,Howard,UNA,7752,6034,5891,4929
728,51-64,Male,Kent,DEM,453,340,309,268
729,51-64,Male,Kent,OTH,27,14,18,16
730,51-64,Male,Kent,REP,718,617,559,493
731,51-64,Male,Kent,UNA,280,188,178,138
732,51-64,Male,Montgomery,DEM,37858,30356,30024,26489
733,51-64,Male,Montgomery,OTH,1174,742,725,576
734,51-64,Male,Montgomery,REP,15642,12090,11897,10461
735,51-64,Male,Montgomery,UNA,21903,15865,15361,12650
736,51-64,Male,Prince George's,DEM,49926,33371,34406,29880
737,51-64,Male,Prince George's,OTH,2047,627,644,540
738,51-64,Male,Prince George's,REP,6107,3608,3534,3041
739,51-64,Male,Prince George's,UNA,10783,6090,6102,4963
740,51-64,Male,Queen Anne's,DEM,966,755,720,627
741,51-64,Male,Queen Anne's,OTH,83,60,50,47
742,51-64,Male,Queen Anne's,REP,3077,2660,2609,2344
743,51-64,Male,Queen Anne's,UNA,1046,789,755,667
744,51-64,Male,Saint Mary's,DEM,2372,1724,1704,1465
745,51-64,Male,Saint Mary's,OTH,138,93,93,78
746,51-64,Male,Saint Mary's,REP,5104,4330,4146,3707
747,51-64,Male,Saint Mary's,UNA,1937,1438,1335,1124
748,51-64,Male,Somerset,DEM,509,315,327,265
749,51-64,Male,Somerset,OTH,25,15,10,11
750,51-64,Male,Somerset,REP,881,736,669,599
751,51-64,Male,Somerset,UNA,262,160,140,119
752,51-64,Male,Talbot,DEM,861,658,622,511
753,51-64,Male,Talbot,OTH,54,32,36,29
754,51-64,Male,Talbot,REP,1506,1273,1196,1093
755,51-64,Male,Talbot,UNA,630,452,411,341
756,51-64,Male,Washington,DEM,2899,2042,1899,1725
757,51-64,Male,Washington,OTH,174,103,83,81
758,51-64,Male,Washington,REP,6738,5485,5041,4843
759,51-64,Male,Washington,UNA,2426,1635,1449,1330
760,51-64,Male,Wicomico,DEM,2437,1584,1532,1300
761,51-64,Male,Wicomico,OTH,121,76,68,57
762,51-64,Male,Wicomico,REP,3192,2620,2487,2257
763,51-64,Male,Wicomico,UNA,1358,865,846,692
764,51-64,Male,Worcester,DEM,1193,821,825,713
765,51-64,Male,Worcester,OTH,110,71,57,52
766,51-64,Male,Worcester,REP,2965,2383,2295,2041
767,51-64,Male,Worcester,UNA,1025,702,639,536
768,65+,Female,Allegany,DEM,2493,1890,1899,1833
769,65+,Female,Allegany,OTH,60,38,41,38
770,65+,Female,Allegany,REP,4380,3610,3577,3514
771,65+,Female,Allegany,UNA,690,484,440,405
772,65+,Female,Anne Arundel,DEM,27854,22880,23079,21501
773,65+,Female,Anne Arundel,OTH,443,299,303,267
774,65+,Female,Anne Arundel,REP,19462,16001,16443,15552
775,65+,Female,Anne Arundel,UNA,7679,5782,5721,4942
776,65+,Female,Baltimore City,DEM,45653,31340,33409,32889
777,65+,Female,Baltimore City,OTH,268,129,128,132
778,65+,Female,Baltimore City,REP,3393,2035,2164,2024
779,65+,Female,Baltimore City,UNA,2761,1378,1441,1265
780,65+,Female,Baltimore County,DEM,53370,43563,44990,43131
781,65+,Female,Baltimore County,OTH,878,605,658,609
782,65+,Female,Baltimore County,REP,24366,20060,20661,19891
783,65+,Female,Baltimore County,UNA,8621,6072,6125,5427
784,65+,Female,Calvert,DEM,4258,3600,3522,3340
785,65+,Female,Calvert,OTH,73,50,51,50
786,65+,Female,Calvert,REP,3711,3156,3012,2995
787,65+,Female,Calvert,UNA,1109,865,784,727
788,65+,Female,Caroline,DEM,1227,945,971,920
789,65+,Female,Caroline,OTH,24,19,18,17
790,65+,Female,Caroline,REP,1528,1343,1350,1236
791,65+,Female,Caroline,UNA,388,279,283,233
792,65+,Female,Carroll,DEM,6247,5246,5318,4993
793,65+,Female,Carroll,OTH,150,107,113,113
794,65+,Female,Carroll,REP,9522,8239,8357,8071
795,65+,Female,Carroll,UNA,2242,1687,1675,1466
796,65+,Female,Cecil,DEM,3668,2765,2697,2534
797,65+,Female,Cecil,OTH,96,67,65,62
798,65+,Female,Cecil,REP,4755,4000,3784,3627
799,65+,Female,Cecil,UNA,1298,918,840,743
800,65+,Female,Charles,DEM,9536,7601,7769,7227
801,65+,Female,Charles,OTH,90,50,52,49
802,65+,Female,Charles,REP,3584,2906,2974,2834
803,65+,Female,Charles,UNA,1361,923,916,809
804,65+,Female,Dorchester,DEM,2024,1585,1616,1543
805,65+,Female,Dorchester,OTH,28,19,20,18
806,65+,Female,Dorchester,REP,1669,1467,1452,1380
807,65+,Female,Dorchester,UNA,380,268,249,213
808,65+,Female,Frederick,DEM,11858,9844,9728,9104
809,65+,Female,Frederick,OTH,169,118,117,96
810,65+,Female,Frederick,REP,9841,8183,8166,7854
811,65+,Female,Frederick,UNA,3779,2813,2734,2428
812,65+,Female,Garrett,DEM,931,739,729,674
813,65+,Female,Garrett,OTH,32,26,26,27
814,65+,Female,Garrett,REP,2323,1970,1995,1855
815,65+,Female,Garrett,UNA,252,200,179,139
816,65+,Female,Harford,DEM,10982,9097,9284,8722
817,65+,Female,Harford,OTH,265,189,182,177
818,65+,Female,Harford,REP,12572,10982,11114,10647
819,65+,Female,Harford,UNA,3230,2517,2486,2172
820,65+,Female,Howard,DEM,17534,14704,14875,14155
821,65+,Female,Howard,OTH,287,199,206,194
822,65+,Female,Howard,REP,7173,5859,6042,5802
823,65+,Female,Howard,UNA,4516,3348,3316,2890
824,65+,Female,Kent,DEM,1684,1472,1426,1300
825,65+,Female,Kent,OTH,29,18,19,14
826,65+,Female,Kent,REP,1061,915,896,827
827,65+,Female,Kent,UNA,362,276,263,223
828,65+,Female,Montgomery,DEM,68923,56496,56704,53326
829,65+,Female,Montgomery,OTH,953,577,633,537
830,65+,Female,Montgomery,REP,17050,12795,13250,12368
831,65+,Female,Montgomery,UNA,15926,10666,10937,9451
832,65+,Female,Prince George's,DEM,76584,57138,59749,57209
833,65+,Female,Prince George's,OTH,1477,514,569,544
834,65+,Female,Prince George's,REP,6850,4421,4787,4534
835,65+,Female,Prince George's,UNA,5538,3297,3449,2977
836,65+,Female,Queen Anne's,DEM,2591,2184,2099,1986
837,65+,Female,Queen Anne's,OTH,55,43,39,38
838,65+,Female,Queen Anne's,REP,3037,2627,2618,2454
839,65+,Female,Queen Anne's,UNA,771,612,557,486
840,65+,Female,Saint Mary's,DEM,4058,3230,3309,3111
841,65+,Female,Saint Mary's,OTH,81,54,50,45
842,65+,Female,Saint Mary's,REP,3848,3274,3216,3058
843,65+,Female,Saint Mary's,UNA,1076,777,740,632
844,65+,Female,Somerset,DEM,1099,859,900,825
845,65+,Female,Somerset,OTH,29,20,20,19
846,65+,Female,Somerset,REP,1114,956,950,896
847,65+,Female,Somerset,UNA,215,154,144,113
848,65+,Female,Talbot,DEM,3042,2580,2558,2339
849,65+,Female,Talbot,OTH,64,44,45,42
850,65+,Female,Talbot,REP,2627,2220,2254,2148
851,65+,Female,Talbot,UNA,870,677,634,560
852,65+,Female,Washington,DEM,5524,4367,4287,4120
853,65+,Female,Washington,OTH,120,80,77,73
854,65+,Female,Washington,REP,7246,6118,5947,5839
855,65+,Female,Washington,UNA,1785,1257,1193,1100
856,65+,Female,Wicomico,DEM,4904,3872,3975,3759
857,65+,Female,Wicomico,OTH,87,55,59,50
858,65+,Female,Wicomico,REP,4184,3557,3589,3384
859,65+,Female,Wicomico,UNA,1158,822,789,718
860,65+,Female,Worcester,DEM,3620,2919,2917,2761
861,65+,Female,Worcester,OTH,112,88,86,78
862,65+,Female,Worcester,REP,3983,3327,3340,3128
863,65+,Female,Worcester,UNA,1075,811,790,688
864,65+,Male,Allegany,DEM,1606,1272,1235,1196
865,65+,Male,Allegany,OTH,67,46,45,47
866,65+,Male,Allegany,REP,3690,3205,3033,2965
867,65+,Male,Allegany,UNA,762,571,539,487
868,65+,Male,Anne Arundel,DEM,18014,14613,14807,13710
869,65+,Male,Anne Arundel,OTH,449,302,312,273
870,65+,Male,Anne Arundel,REP,18261,15278,15511,14489
871,65+,Male,Anne Arundel,UNA,8214,6363,6406,5565
872,65+,Male,Baltimore City,DEM,29366,18291,19120,18110
873,65+,Male,Baltimore City,OTH,328,162,156,159
874,65+,Male,Baltimore City,REP,3513,2074,2082,1960
875,65+,Male,Baltimore City,UNA,3482,1727,1760,1565
876,65+,Male,Baltimore County,DEM,33382,27355,27790,26210
877,65+,Male,Baltimore County,OTH,888,635,635,591
878,65+,Male,Baltimore County,REP,21680,18178,18314,17516
879,65+,Male,Baltimore County,UNA,9358,6918,6929,6145
880,65+,Male,Calvert,DEM,2872,2390,2312,2191
881,65+,Male,Calvert,OTH,95,70,70,64
882,65+,Male,Calvert,REP,3549,3106,2892,2901
883,65+,Male,Calvert,UNA,1258,1021,934,882
884,65+,Male,Caroline,DEM,865,698,702,635
885,65+,Male,Caroline,OTH,20,14,16,16
886,65+,Male,Caroline,REP,1448,1275,1260,1172
887,65+,Male,Caroline,UNA,347,257,255,213
888,65+,Male,Carroll,DEM,4055,3472,3506,3283
889,65+,Male,Carroll,OTH,187,148,148,140
890,65+,Male,Carroll,REP,8542,7569,7594,7225
891,65+,Male,Carroll,UNA,2287,1873,1857,1673
892,65+,Male,Cecil,DEM,2560,1947,1835,1758
893,65+,Male,Cecil,OTH,110,74,70,68
894,65+,Male,Cecil,REP,4433,3843,3542,3375
895,65+,Male,Cecil,UNA,1353,1021,897,814
896,65+,Male,Charles,DEM,6050,4793,4893,4463
897,65+,Male,Charles,OTH,130,94,93,84
898,65+,Male,Charles,REP,3461,2851,2880,2763
899,65+,Male,Charles,UNA,1566,1152,1154,995
900,65+,Male,Dorchester,DEM,1391,1057,1052,940
901,65+,Male,Dorchester,OTH,28,20,21,18
902,65+,Male,Dorchester,REP,1619,1438,1380,1301
903,65+,Male,Dorchester,UNA,406,300,271,237
904,65+,Male,Frederick,DEM,7536,6358,6176,5760
905,65+,Male,Frederick,OTH,155,109,101,85
906,65+,Male,Frederick,REP,9347,7911,7901,7624
907,65+,Male,Frederick,UNA,4025,3148,3047,2717
908,65+,Male,Garrett,DEM,636,530,513,461
909,65+,Male,Garrett,OTH,30,23,22,22
910,65+,Male,Garrett,REP,2118,1839,1819,1684
911,65+,Male,Garrett,UNA,307,245,223,202
912,65+,Male,Harford,DEM,7129,5986,6078,5652
913,65+,Male,Harford,OTH,225,181,180,159
914,65+,Male,Harford,REP,11282,10069,10097,9649
915,65+,Male,Harford,UNA,3436,2858,2801,2518
916,65+,Male,Howard,DEM,11838,9980,10142,9674
917,65+,Male,Howard,OTH,304,219,222,217
918,65+,Male,Howard,REP,7292,6187,6326,6009
919,65+,Male,Howard,UNA,5233,4076,4055,3634
920,65+,Male,Kent,DEM,1102,948,899,806
921,65+,Male,Kent,OTH,24,18,17,17
922,65+,Male,Kent,REP,1026,913,886,799
923,65+,Male,Kent,UNA,372,300,265,220
924,65+,Male,Montgomery,DEM,46704,38544,38695,36173
925,65+,Male,Montgomery,OTH,916,581,625,571
926,65+,Male,Montgomery,REP,16874,13118,13413,12541
927,65+,Male,Montgomery,UNA,17789,12652,12844,11264
928,65+,Male,Prince George's,DEM,49568,34838,36500,33926
929,65+,Male,Prince George's,OTH,1703,583,649,602
930,65+,Male,Prince George's,REP,6690,4306,4559,4300
931,65+,Male,Prince George's,UNA,6504,4017,4184,3682
932,65+,Male,Queen Anne's,DEM,1733,1463,1397,1288
933,65+,Male,Queen Anne's,OTH,57,41,41,36
934,65+,Male,Queen Anne's,REP,3014,2648,2604,2456
935,65+,Male,Queen Anne's,UNA,898,735,671,597
936,65+,Male,Saint Mary's,DEM,2912,2355,2318,2195
937,65+,Male,Saint Mary's,OTH,82,64,57,50
938,65+,Male,Saint Mary's,REP,3848,3351,3261,3079
939,65+,Male,Saint Mary's,UNA,1135,884,851,749
940,65+,Male,Somerset,DEM,766,564,576,531
941,65+,Male,Somerset,OTH,19,11,11,10
942,65+,Male,Somerset,REP,1059,919,893,825
943,65+,Male,Somerset,UNA,264,184,175,139
944,65+,Male,Talbot,DEM,1891,1638,1570,1399
945,65+,Male,Talbot,OTH,53,39,41,37
946,65+,Male,Talbot,REP,2358,2051,2023,1889
947,65+,Male,Talbot,UNA,921,756,712,597
948,65+,Male,Washington,DEM,3689,2960,2841,2752
949,65+,Male,Washington,OTH,118,75,75,70
950,65+,Male,Washington,REP,6477,5601,5333,5261
951,65+,Male,Washington,UNA,1847,1402,1311,1214
952,65+,Male,Wicomico,DEM,3188,2461,2499,2274
953,65+,Male,Wicomico,OTH,89,57,63,62
954,65+,Male,Wicomico,REP,3695,3215,3174,3000
955,65+,Male,Wicomico,UNA,1153,860,812,715
956,65+,Male,Worcester,DEM,2287,1821,1823,1627
957,65+,Male,Worcester,OTH,110,83,78,72
958,65+,Male,Worcester,REP,3691,3126,3126,2844
959,65+,Male,Worcester,UNA,1200,914,914,806
